artist_id,name,paiting_id,class
19,Albrecht Dürer,1,1
19,Albrecht Dürer,2,1
19,Albrecht Dürer,3,1
19,Albrecht Dürer,4,1
19,Albrecht Dürer,5,1
19,Albrecht Dürer,6,1
19,Albrecht Dürer,7,1
19,Albrecht Dürer,8,1
19,Albrecht Dürer,9,1
19,Albrecht Dürer,10,1
19,Albrecht Dürer,11,1
19,Albrecht Dürer,12,1
19,Albrecht Dürer,13,1
19,Albrecht Dürer,14,0
19,Albrecht Dürer,15,1
19,Albrecht Dürer,16,1
19,Albrecht Dürer,17,0
19,Albrecht Dürer,18,1
19,Albrecht Dürer,19,1
19,Albrecht Dürer,20,1
19,Albrecht Dürer,21,0
19,Albrecht Dürer,22,1
19,Albrecht Dürer,23,1
19,Albrecht Dürer,24,1
19,Albrecht Dürer,25,1
19,Albrecht Dürer,26,1
19,Albrecht Dürer,27,1
19,Albrecht Dürer,28,1
19,Albrecht Dürer,29,1
19,Albrecht Dürer,30,1
19,Albrecht Dürer,31,1
19,Albrecht Dürer,32,1
19,Albrecht Dürer,33,1
19,Albrecht Dürer,34,1
19,Albrecht Dürer,35,1
19,Albrecht Dürer,36,1
19,Albrecht Dürer,37,1
19,Albrecht Dürer,38,1
19,Albrecht Dürer,39,1
19,Albrecht Dürer,40,1
19,Albrecht Dürer,41,1
19,Albrecht Dürer,42,1
19,Albrecht Dürer,43,1
19,Albrecht Dürer,44,1
19,Albrecht Dürer,45,1
19,Albrecht Dürer,46,1
19,Albrecht Dürer,47,1
19,Albrecht Dürer,48,1
19,Albrecht Dürer,49,0
19,Albrecht Dürer,50,0
19,Albrecht Dürer,51,0
19,Albrecht Dürer,52,1
19,Albrecht Dürer,53,1
19,Albrecht Dürer,54,1
19,Albrecht Dürer,55,0
19,Albrecht Dürer,56,1
19,Albrecht Dürer,57,1
19,Albrecht Dürer,58,1
19,Albrecht Dürer,59,1
19,Albrecht Dürer,60,1
19,Albrecht Dürer,61,1
19,Albrecht Dürer,62,1
19,Albrecht Dürer,63,0
19,Albrecht Dürer,64,1
19,Albrecht Dürer,65,1
19,Albrecht Dürer,66,1
19,Albrecht Dürer,67,1
19,Albrecht Dürer,68,1
19,Albrecht Dürer,69,1
19,Albrecht Dürer,70,1
19,Albrecht Dürer,71,1
19,Albrecht Dürer,72,0
19,Albrecht Dürer,73,1
19,Albrecht Dürer,74,0
19,Albrecht Dürer,75,0
19,Albrecht Dürer,76,1
19,Albrecht Dürer,77,1
19,Albrecht Dürer,78,0
19,Albrecht Dürer,79,1
19,Albrecht Dürer,80,1
19,Albrecht Dürer,81,1
19,Albrecht Dürer,82,1
19,Albrecht Dürer,83,1
19,Albrecht Dürer,84,1
19,Albrecht Dürer,85,1
19,Albrecht Dürer,86,1
19,Albrecht Dürer,87,1
19,Albrecht Dürer,88,1
19,Albrecht Dürer,89,1
19,Albrecht Dürer,90,0
19,Albrecht Dürer,91,1
19,Albrecht Dürer,92,1
19,Albrecht Dürer,93,1
19,Albrecht Dürer,94,1
19,Albrecht Dürer,95,1
19,Albrecht Dürer,96,1
19,Albrecht Dürer,97,1
19,Albrecht Dürer,98,1
19,Albrecht Dürer,99,1
19,Albrecht Dürer,100,1
19,Albrecht Dürer,101,1
19,Albrecht Dürer,102,1
19,Albrecht Dürer,103,1
19,Albrecht Dürer,104,1
19,Albrecht Dürer,105,1
19,Albrecht Dürer,106,1
19,Albrecht Dürer,107,1
19,Albrecht Dürer,108,1
19,Albrecht Dürer,109,1
19,Albrecht Dürer,110,1
19,Albrecht Dürer,111,1
19,Albrecht Dürer,112,1
19,Albrecht Dürer,113,1
19,Albrecht Dürer,114,1
19,Albrecht Dürer,115,1
19,Albrecht Dürer,116,1
19,Albrecht Dürer,117,1
19,Albrecht Dürer,118,1
19,Albrecht Dürer,119,1
19,Albrecht Dürer,120,1
19,Albrecht Dürer,121,1
19,Albrecht Dürer,122,1
19,Albrecht Dürer,123,1
19,Albrecht Dürer,124,1
19,Albrecht Dürer,125,1
19,Albrecht Dürer,126,1
19,Albrecht Dürer,127,1
19,Albrecht Dürer,128,1
19,Albrecht Dürer,129,1
19,Albrecht Dürer,130,1
19,Albrecht Dürer,131,1
19,Albrecht Dürer,132,1
19,Albrecht Dürer,133,1
19,Albrecht Dürer,134,1
19,Albrecht Dürer,135,1
19,Albrecht Dürer,136,0
19,Albrecht Dürer,137,1
19,Albrecht Dürer,138,1
19,Albrecht Dürer,139,1
19,Albrecht Dürer,140,1
19,Albrecht Dürer,141,1
19,Albrecht Dürer,142,1
19,Albrecht Dürer,143,1
19,Albrecht Dürer,144,1
19,Albrecht Dürer,145,1
19,Albrecht Dürer,146,1
19,Albrecht Dürer,147,1
19,Albrecht Dürer,148,1
19,Albrecht Dürer,149,1
19,Albrecht Dürer,150,0
19,Albrecht Dürer,151,1
19,Albrecht Dürer,152,1
19,Albrecht Dürer,153,0
19,Albrecht Dürer,154,1
19,Albrecht Dürer,155,1
19,Albrecht Dürer,156,1
19,Albrecht Dürer,157,1
19,Albrecht Dürer,158,1
19,Albrecht Dürer,159,1
19,Albrecht Dürer,160,1
19,Albrecht Dürer,161,1
19,Albrecht Dürer,162,0
19,Albrecht Dürer,163,1
19,Albrecht Dürer,164,1
19,Albrecht Dürer,165,1
19,Albrecht Dürer,166,1
19,Albrecht Dürer,167,1
19,Albrecht Dürer,168,1
19,Albrecht Dürer,169,1
19,Albrecht Dürer,170,1
19,Albrecht Dürer,171,1
19,Albrecht Dürer,172,1
19,Albrecht Dürer,173,1
19,Albrecht Dürer,174,1
19,Albrecht Dürer,175,1
19,Albrecht Dürer,176,1
19,Albrecht Dürer,177,1
19,Albrecht Dürer,178,1
19,Albrecht Dürer,179,1
19,Albrecht Dürer,180,1
19,Albrecht Dürer,181,0
19,Albrecht Dürer,182,1
19,Albrecht Dürer,183,1
19,Albrecht Dürer,184,0
19,Albrecht Dürer,185,1
19,Albrecht Dürer,186,1
19,Albrecht Dürer,187,0
19,Albrecht Dürer,188,1
19,Albrecht Dürer,189,1
19,Albrecht Dürer,190,0
19,Albrecht Dürer,191,1
19,Albrecht Dürer,192,1
19,Albrecht Dürer,193,1
19,Albrecht Dürer,194,1
19,Albrecht Dürer,195,1
19,Albrecht Dürer,196,1
19,Albrecht Dürer,197,1
19,Albrecht Dürer,198,1
19,Albrecht Dürer,199,1
19,Albrecht Dürer,200,1
19,Albrecht Dürer,201,1
19,Albrecht Dürer,202,0
19,Albrecht Dürer,203,1
19,Albrecht Dürer,204,1
19,Albrecht Dürer,205,1
19,Albrecht Dürer,206,1
19,Albrecht Dürer,207,1
19,Albrecht Dürer,208,1
19,Albrecht Dürer,209,0
19,Albrecht Dürer,210,1
19,Albrecht Dürer,211,0
19,Albrecht Dürer,212,1
19,Albrecht Dürer,213,1
19,Albrecht Dürer,214,1
19,Albrecht Dürer,215,1
19,Albrecht Dürer,216,1
19,Albrecht Dürer,217,1
19,Albrecht Dürer,218,1
19,Albrecht Dürer,219,1
19,Albrecht Dürer,220,1
19,Albrecht Dürer,221,1
19,Albrecht Dürer,222,0
19,Albrecht Dürer,223,1
19,Albrecht Dürer,224,1
19,Albrecht Dürer,225,1
19,Albrecht Dürer,226,1
19,Albrecht Dürer,227,1
19,Albrecht Dürer,228,1
19,Albrecht Dürer,229,1
19,Albrecht Dürer,230,1
19,Albrecht Dürer,231,0
19,Albrecht Dürer,232,1
19,Albrecht Dürer,233,1
19,Albrecht Dürer,234,1
19,Albrecht Dürer,235,1
19,Albrecht Dürer,236,1
19,Albrecht Dürer,237,1
19,Albrecht Dürer,238,1
19,Albrecht Dürer,239,1
19,Albrecht Dürer,240,0
19,Albrecht Dürer,241,1
19,Albrecht Dürer,242,1
19,Albrecht Dürer,243,1
19,Albrecht Dürer,244,1
19,Albrecht Dürer,245,0
19,Albrecht Dürer,246,1
19,Albrecht Dürer,247,1
19,Albrecht Dürer,248,0
19,Albrecht Dürer,249,1
19,Albrecht Dürer,250,1
19,Albrecht Dürer,251,1
19,Albrecht Dürer,252,1
19,Albrecht Dürer,253,1
19,Albrecht Dürer,254,0
19,Albrecht Dürer,255,1
19,Albrecht Dürer,256,0
19,Albrecht Dürer,257,1
19,Albrecht Dürer,258,1
19,Albrecht Dürer,259,1
19,Albrecht Dürer,260,1
19,Albrecht Dürer,261,1
19,Albrecht Dürer,262,1
19,Albrecht Dürer,263,1
19,Albrecht Dürer,264,1
19,Albrecht Dürer,265,1
19,Albrecht Dürer,266,1
19,Albrecht Dürer,267,1
19,Albrecht Dürer,268,1
19,Albrecht Dürer,269,1
19,Albrecht Dürer,270,0
19,Albrecht Dürer,271,0
19,Albrecht Dürer,272,1
19,Albrecht Dürer,273,1
19,Albrecht Dürer,274,1
19,Albrecht Dürer,275,1
19,Albrecht Dürer,276,1
19,Albrecht Dürer,277,1
19,Albrecht Dürer,278,1
19,Albrecht Dürer,279,1
19,Albrecht Dürer,280,1
19,Albrecht Dürer,281,1
19,Albrecht Dürer,282,1
19,Albrecht Dürer,283,1
19,Albrecht Dürer,284,1
19,Albrecht Dürer,285,0
19,Albrecht Dürer,286,1
19,Albrecht Dürer,287,1
19,Albrecht Dürer,288,1
19,Albrecht Dürer,289,1
19,Albrecht Dürer,290,1
19,Albrecht Dürer,291,0
19,Albrecht Dürer,292,1
19,Albrecht Dürer,293,1
19,Albrecht Dürer,294,1
19,Albrecht Dürer,295,1
19,Albrecht Dürer,296,0
19,Albrecht Dürer,297,1
19,Albrecht Dürer,298,0
19,Albrecht Dürer,299,1
19,Albrecht Dürer,300,1
19,Albrecht Dürer,301,0
19,Albrecht Dürer,302,1
19,Albrecht Dürer,303,0
19,Albrecht Dürer,304,1
19,Albrecht Dürer,305,1
19,Albrecht Dürer,306,0
19,Albrecht Dürer,307,1
19,Albrecht Dürer,308,1
19,Albrecht Dürer,309,1
19,Albrecht Dürer,310,1
19,Albrecht Dürer,311,1
19,Albrecht Dürer,312,0
19,Albrecht Dürer,313,1
19,Albrecht Dürer,314,1
19,Albrecht Dürer,315,1
19,Albrecht Dürer,316,1
19,Albrecht Dürer,317,1
19,Albrecht Dürer,318,1
19,Albrecht Dürer,319,1
19,Albrecht Dürer,320,1
19,Albrecht Dürer,321,0
19,Albrecht Dürer,322,1
19,Albrecht Dürer,323,0
19,Albrecht Dürer,324,1
19,Albrecht Dürer,325,1
19,Albrecht Dürer,326,1
19,Albrecht Dürer,327,1
19,Albrecht Dürer,328,1
20,Alfred Sisley,1,0
20,Alfred Sisley,2,0
20,Alfred Sisley,3,0
20,Alfred Sisley,4,0
20,Alfred Sisley,5,0
20,Alfred Sisley,6,0
20,Alfred Sisley,7,0
20,Alfred Sisley,8,0
20,Alfred Sisley,9,0
20,Alfred Sisley,10,0
20,Alfred Sisley,11,0
20,Alfred Sisley,12,0
20,Alfred Sisley,13,0
20,Alfred Sisley,14,0
20,Alfred Sisley,15,0
20,Alfred Sisley,16,0
20,Alfred Sisley,17,0
20,Alfred Sisley,18,0
20,Alfred Sisley,19,0
20,Alfred Sisley,20,0
20,Alfred Sisley,21,0
20,Alfred Sisley,22,0
20,Alfred Sisley,23,0
20,Alfred Sisley,24,0
20,Alfred Sisley,25,0
20,Alfred Sisley,26,0
20,Alfred Sisley,27,0
20,Alfred Sisley,28,0
20,Alfred Sisley,29,0
20,Alfred Sisley,30,0
20,Alfred Sisley,31,0
20,Alfred Sisley,32,0
20,Alfred Sisley,33,0
20,Alfred Sisley,34,0
20,Alfred Sisley,35,0
20,Alfred Sisley,36,0
20,Alfred Sisley,37,0
20,Alfred Sisley,38,0
20,Alfred Sisley,39,0
20,Alfred Sisley,40,0
20,Alfred Sisley,41,0
20,Alfred Sisley,42,0
20,Alfred Sisley,43,0
20,Alfred Sisley,44,0
20,Alfred Sisley,45,0
20,Alfred Sisley,46,0
20,Alfred Sisley,47,0
20,Alfred Sisley,48,0
20,Alfred Sisley,49,0
20,Alfred Sisley,50,0
20,Alfred Sisley,51,0
20,Alfred Sisley,52,0
20,Alfred Sisley,53,0
20,Alfred Sisley,54,0
20,Alfred Sisley,55,0
20,Alfred Sisley,56,0
20,Alfred Sisley,57,0
20,Alfred Sisley,58,0
20,Alfred Sisley,59,0
20,Alfred Sisley,60,0
20,Alfred Sisley,61,0
20,Alfred Sisley,62,0
20,Alfred Sisley,63,0
20,Alfred Sisley,64,0
20,Alfred Sisley,65,0
20,Alfred Sisley,66,0
20,Alfred Sisley,67,0
20,Alfred Sisley,68,0
20,Alfred Sisley,69,0
20,Alfred Sisley,70,0
20,Alfred Sisley,71,0
20,Alfred Sisley,72,0
20,Alfred Sisley,73,0
20,Alfred Sisley,74,0
20,Alfred Sisley,75,0
20,Alfred Sisley,76,0
20,Alfred Sisley,77,0
20,Alfred Sisley,78,0
20,Alfred Sisley,79,0
20,Alfred Sisley,80,0
20,Alfred Sisley,81,0
20,Alfred Sisley,82,0
20,Alfred Sisley,83,0
20,Alfred Sisley,84,0
20,Alfred Sisley,85,0
20,Alfred Sisley,86,0
20,Alfred Sisley,87,0
20,Alfred Sisley,88,0
20,Alfred Sisley,89,0
20,Alfred Sisley,90,0
20,Alfred Sisley,91,0
20,Alfred Sisley,92,0
20,Alfred Sisley,93,0
20,Alfred Sisley,94,0
20,Alfred Sisley,95,0
20,Alfred Sisley,96,0
20,Alfred Sisley,97,1
20,Alfred Sisley,98,0
20,Alfred Sisley,99,0
20,Alfred Sisley,100,0
20,Alfred Sisley,101,0
20,Alfred Sisley,102,0
20,Alfred Sisley,103,0
20,Alfred Sisley,104,0
20,Alfred Sisley,105,0
20,Alfred Sisley,106,0
20,Alfred Sisley,107,0
20,Alfred Sisley,108,0
20,Alfred Sisley,109,0
20,Alfred Sisley,110,0
20,Alfred Sisley,111,0
20,Alfred Sisley,112,0
20,Alfred Sisley,113,0
20,Alfred Sisley,114,0
20,Alfred Sisley,115,0
20,Alfred Sisley,116,0
20,Alfred Sisley,117,0
20,Alfred Sisley,118,0
20,Alfred Sisley,119,0
20,Alfred Sisley,120,0
20,Alfred Sisley,121,0
20,Alfred Sisley,122,0
20,Alfred Sisley,123,0
20,Alfred Sisley,124,0
20,Alfred Sisley,125,0
20,Alfred Sisley,126,0
20,Alfred Sisley,127,0
20,Alfred Sisley,128,0
20,Alfred Sisley,129,0
20,Alfred Sisley,130,0
20,Alfred Sisley,131,0
20,Alfred Sisley,132,0
20,Alfred Sisley,133,0
20,Alfred Sisley,134,0
20,Alfred Sisley,135,0
20,Alfred Sisley,136,0
20,Alfred Sisley,137,0
20,Alfred Sisley,138,0
20,Alfred Sisley,139,0
20,Alfred Sisley,140,0
20,Alfred Sisley,141,0
20,Alfred Sisley,142,0
20,Alfred Sisley,143,0
20,Alfred Sisley,144,0
20,Alfred Sisley,145,0
20,Alfred Sisley,146,0
20,Alfred Sisley,147,0
20,Alfred Sisley,148,0
20,Alfred Sisley,149,0
20,Alfred Sisley,150,0
20,Alfred Sisley,151,0
20,Alfred Sisley,152,0
20,Alfred Sisley,153,0
20,Alfred Sisley,154,0
20,Alfred Sisley,155,1
20,Alfred Sisley,156,0
20,Alfred Sisley,157,0
20,Alfred Sisley,158,0
20,Alfred Sisley,159,0
20,Alfred Sisley,160,0
20,Alfred Sisley,161,0
20,Alfred Sisley,162,0
20,Alfred Sisley,163,0
20,Alfred Sisley,164,0
20,Alfred Sisley,165,0
20,Alfred Sisley,166,0
20,Alfred Sisley,167,0
20,Alfred Sisley,168,1
20,Alfred Sisley,169,0
20,Alfred Sisley,170,0
20,Alfred Sisley,171,0
20,Alfred Sisley,172,0
20,Alfred Sisley,173,0
20,Alfred Sisley,174,0
20,Alfred Sisley,175,0
20,Alfred Sisley,176,0
20,Alfred Sisley,177,0
20,Alfred Sisley,178,0
20,Alfred Sisley,179,0
20,Alfred Sisley,180,0
20,Alfred Sisley,181,0
20,Alfred Sisley,182,0
20,Alfred Sisley,183,0
20,Alfred Sisley,184,0
20,Alfred Sisley,185,0
20,Alfred Sisley,186,0
20,Alfred Sisley,187,0
20,Alfred Sisley,188,0
20,Alfred Sisley,189,0
20,Alfred Sisley,190,0
20,Alfred Sisley,191,0
20,Alfred Sisley,192,0
20,Alfred Sisley,193,0
20,Alfred Sisley,194,0
20,Alfred Sisley,195,0
20,Alfred Sisley,196,0
20,Alfred Sisley,197,0
20,Alfred Sisley,198,0
20,Alfred Sisley,199,0
20,Alfred Sisley,200,0
20,Alfred Sisley,201,0
20,Alfred Sisley,202,0
20,Alfred Sisley,203,0
20,Alfred Sisley,204,0
20,Alfred Sisley,205,0
20,Alfred Sisley,206,0
20,Alfred Sisley,207,0
20,Alfred Sisley,208,0
20,Alfred Sisley,209,0
20,Alfred Sisley,210,0
20,Alfred Sisley,211,0
20,Alfred Sisley,212,0
20,Alfred Sisley,213,0
20,Alfred Sisley,214,0
20,Alfred Sisley,215,0
20,Alfred Sisley,216,0
20,Alfred Sisley,217,0
20,Alfred Sisley,218,0
20,Alfred Sisley,219,0
20,Alfred Sisley,220,0
20,Alfred Sisley,221,0
20,Alfred Sisley,222,0
20,Alfred Sisley,223,0
20,Alfred Sisley,224,0
20,Alfred Sisley,225,0
20,Alfred Sisley,226,0
20,Alfred Sisley,227,0
20,Alfred Sisley,228,0
20,Alfred Sisley,229,0
20,Alfred Sisley,230,0
20,Alfred Sisley,231,0
20,Alfred Sisley,232,0
20,Alfred Sisley,233,0
20,Alfred Sisley,234,0
20,Alfred Sisley,235,0
20,Alfred Sisley,236,0
20,Alfred Sisley,237,0
20,Alfred Sisley,238,0
20,Alfred Sisley,239,0
20,Alfred Sisley,240,0
20,Alfred Sisley,241,0
20,Alfred Sisley,242,0
20,Alfred Sisley,243,0
20,Alfred Sisley,244,0
20,Alfred Sisley,245,0
20,Alfred Sisley,246,0
20,Alfred Sisley,247,0
20,Alfred Sisley,248,0
20,Alfred Sisley,249,0
20,Alfred Sisley,250,0
20,Alfred Sisley,251,0
20,Alfred Sisley,252,0
20,Alfred Sisley,253,0
20,Alfred Sisley,254,0
20,Alfred Sisley,255,0
20,Alfred Sisley,256,0
20,Alfred Sisley,257,0
20,Alfred Sisley,258,0
20,Alfred Sisley,259,0
0,Amedeo Modigliani,1,1
0,Amedeo Modigliani,2,1
0,Amedeo Modigliani,3,1
0,Amedeo Modigliani,4,1
0,Amedeo Modigliani,5,1
0,Amedeo Modigliani,6,1
0,Amedeo Modigliani,7,1
0,Amedeo Modigliani,8,1
0,Amedeo Modigliani,9,1
0,Amedeo Modigliani,10,1
0,Amedeo Modigliani,11,1
0,Amedeo Modigliani,12,1
0,Amedeo Modigliani,13,1
0,Amedeo Modigliani,14,1
0,Amedeo Modigliani,15,1
0,Amedeo Modigliani,16,1
0,Amedeo Modigliani,17,1
0,Amedeo Modigliani,18,1
0,Amedeo Modigliani,19,1
0,Amedeo Modigliani,20,1
0,Amedeo Modigliani,21,1
0,Amedeo Modigliani,22,1
0,Amedeo Modigliani,23,1
0,Amedeo Modigliani,24,1
0,Amedeo Modigliani,25,1
0,Amedeo Modigliani,26,1
0,Amedeo Modigliani,27,1
0,Amedeo Modigliani,28,1
0,Amedeo Modigliani,29,1
0,Amedeo Modigliani,30,1
0,Amedeo Modigliani,31,1
0,Amedeo Modigliani,32,1
0,Amedeo Modigliani,33,1
0,Amedeo Modigliani,34,1
0,Amedeo Modigliani,35,1
0,Amedeo Modigliani,36,1
0,Amedeo Modigliani,37,1
0,Amedeo Modigliani,38,1
0,Amedeo Modigliani,39,1
0,Amedeo Modigliani,40,1
0,Amedeo Modigliani,41,1
0,Amedeo Modigliani,42,1
0,Amedeo Modigliani,43,1
0,Amedeo Modigliani,44,1
0,Amedeo Modigliani,45,1
0,Amedeo Modigliani,46,1
0,Amedeo Modigliani,47,1
0,Amedeo Modigliani,48,1
0,Amedeo Modigliani,49,1
0,Amedeo Modigliani,50,1
0,Amedeo Modigliani,51,1
0,Amedeo Modigliani,52,1
0,Amedeo Modigliani,53,1
0,Amedeo Modigliani,54,1
0,Amedeo Modigliani,55,1
0,Amedeo Modigliani,56,1
0,Amedeo Modigliani,57,1
0,Amedeo Modigliani,58,1
0,Amedeo Modigliani,59,1
0,Amedeo Modigliani,60,1
0,Amedeo Modigliani,61,1
0,Amedeo Modigliani,62,1
0,Amedeo Modigliani,63,0
0,Amedeo Modigliani,64,1
0,Amedeo Modigliani,65,1
0,Amedeo Modigliani,66,1
0,Amedeo Modigliani,67,1
0,Amedeo Modigliani,68,1
0,Amedeo Modigliani,69,1
0,Amedeo Modigliani,70,1
0,Amedeo Modigliani,71,1
0,Amedeo Modigliani,72,1
0,Amedeo Modigliani,73,1
0,Amedeo Modigliani,74,1
0,Amedeo Modigliani,75,1
0,Amedeo Modigliani,76,1
0,Amedeo Modigliani,77,1
0,Amedeo Modigliani,78,1
0,Amedeo Modigliani,79,1
0,Amedeo Modigliani,80,1
0,Amedeo Modigliani,81,1
0,Amedeo Modigliani,82,1
0,Amedeo Modigliani,83,1
0,Amedeo Modigliani,84,1
0,Amedeo Modigliani,85,1
0,Amedeo Modigliani,86,1
0,Amedeo Modigliani,87,1
0,Amedeo Modigliani,88,1
0,Amedeo Modigliani,89,0
0,Amedeo Modigliani,90,1
0,Amedeo Modigliani,91,1
0,Amedeo Modigliani,92,1
0,Amedeo Modigliani,93,1
0,Amedeo Modigliani,94,0
0,Amedeo Modigliani,95,1
0,Amedeo Modigliani,96,1
0,Amedeo Modigliani,97,1
0,Amedeo Modigliani,98,1
0,Amedeo Modigliani,99,1
0,Amedeo Modigliani,100,1
0,Amedeo Modigliani,101,1
0,Amedeo Modigliani,102,1
0,Amedeo Modigliani,103,1
0,Amedeo Modigliani,104,1
0,Amedeo Modigliani,105,1
0,Amedeo Modigliani,106,1
0,Amedeo Modigliani,107,1
0,Amedeo Modigliani,108,1
0,Amedeo Modigliani,109,1
0,Amedeo Modigliani,110,1
0,Amedeo Modigliani,111,1
0,Amedeo Modigliani,112,1
0,Amedeo Modigliani,113,1
0,Amedeo Modigliani,114,1
0,Amedeo Modigliani,115,1
0,Amedeo Modigliani,116,1
0,Amedeo Modigliani,117,1
0,Amedeo Modigliani,118,0
0,Amedeo Modigliani,119,1
0,Amedeo Modigliani,120,1
0,Amedeo Modigliani,121,1
0,Amedeo Modigliani,122,1
0,Amedeo Modigliani,123,1
0,Amedeo Modigliani,124,1
0,Amedeo Modigliani,125,1
0,Amedeo Modigliani,126,1
0,Amedeo Modigliani,127,1
0,Amedeo Modigliani,128,1
0,Amedeo Modigliani,129,1
0,Amedeo Modigliani,130,1
0,Amedeo Modigliani,131,1
0,Amedeo Modigliani,132,1
0,Amedeo Modigliani,133,1
0,Amedeo Modigliani,134,1
0,Amedeo Modigliani,135,1
0,Amedeo Modigliani,136,1
0,Amedeo Modigliani,137,1
0,Amedeo Modigliani,138,1
0,Amedeo Modigliani,139,1
0,Amedeo Modigliani,140,1
0,Amedeo Modigliani,141,1
0,Amedeo Modigliani,142,1
0,Amedeo Modigliani,143,1
0,Amedeo Modigliani,144,1
0,Amedeo Modigliani,145,1
0,Amedeo Modigliani,146,1
0,Amedeo Modigliani,147,1
0,Amedeo Modigliani,148,1
0,Amedeo Modigliani,149,1
0,Amedeo Modigliani,150,1
0,Amedeo Modigliani,151,1
0,Amedeo Modigliani,152,1
0,Amedeo Modigliani,153,1
0,Amedeo Modigliani,154,1
0,Amedeo Modigliani,155,1
0,Amedeo Modigliani,156,1
0,Amedeo Modigliani,157,1
0,Amedeo Modigliani,158,1
0,Amedeo Modigliani,159,1
0,Amedeo Modigliani,160,1
0,Amedeo Modigliani,161,1
0,Amedeo Modigliani,162,1
0,Amedeo Modigliani,163,1
0,Amedeo Modigliani,164,1
0,Amedeo Modigliani,165,1
0,Amedeo Modigliani,166,1
0,Amedeo Modigliani,167,1
0,Amedeo Modigliani,168,1
0,Amedeo Modigliani,169,1
0,Amedeo Modigliani,170,1
0,Amedeo Modigliani,171,1
0,Amedeo Modigliani,172,1
0,Amedeo Modigliani,173,1
0,Amedeo Modigliani,174,1
0,Amedeo Modigliani,175,1
0,Amedeo Modigliani,176,1
0,Amedeo Modigliani,177,1
0,Amedeo Modigliani,178,1
0,Amedeo Modigliani,179,1
0,Amedeo Modigliani,180,1
0,Amedeo Modigliani,181,1
0,Amedeo Modigliani,182,1
0,Amedeo Modigliani,183,1
0,Amedeo Modigliani,184,1
0,Amedeo Modigliani,185,0
0,Amedeo Modigliani,186,1
0,Amedeo Modigliani,187,1
0,Amedeo Modigliani,188,0
0,Amedeo Modigliani,189,1
0,Amedeo Modigliani,190,1
0,Amedeo Modigliani,191,1
0,Amedeo Modigliani,192,1
0,Amedeo Modigliani,193,1
7,Andrei Rublev,1,1
7,Andrei Rublev,2,0
7,Andrei Rublev,3,1
7,Andrei Rublev,4,0
7,Andrei Rublev,5,0
7,Andrei Rublev,6,0
7,Andrei Rublev,7,0
7,Andrei Rublev,8,1
7,Andrei Rublev,9,0
7,Andrei Rublev,10,0
7,Andrei Rublev,11,0
7,Andrei Rublev,12,1
7,Andrei Rublev,13,0
7,Andrei Rublev,14,1
7,Andrei Rublev,15,1
7,Andrei Rublev,16,0
7,Andrei Rublev,17,1
7,Andrei Rublev,18,1
7,Andrei Rublev,19,0
7,Andrei Rublev,20,1
7,Andrei Rublev,21,1
7,Andrei Rublev,22,1
7,Andrei Rublev,23,0
7,Andrei Rublev,24,1
7,Andrei Rublev,25,1
7,Andrei Rublev,26,0
7,Andrei Rublev,27,1
7,Andrei Rublev,28,1
7,Andrei Rublev,29,1
7,Andrei Rublev,30,1
7,Andrei Rublev,31,1
7,Andrei Rublev,32,0
7,Andrei Rublev,33,1
7,Andrei Rublev,34,1
7,Andrei Rublev,35,0
7,Andrei Rublev,36,1
7,Andrei Rublev,37,1
7,Andrei Rublev,38,1
7,Andrei Rublev,39,0
7,Andrei Rublev,40,1
7,Andrei Rublev,41,1
7,Andrei Rublev,42,1
7,Andrei Rublev,43,1
7,Andrei Rublev,44,1
7,Andrei Rublev,45,1
7,Andrei Rublev,46,1
7,Andrei Rublev,47,1
7,Andrei Rublev,48,1
7,Andrei Rublev,49,1
7,Andrei Rublev,50,1
7,Andrei Rublev,51,1
7,Andrei Rublev,52,1
7,Andrei Rublev,53,1
7,Andrei Rublev,54,0
7,Andrei Rublev,55,1
7,Andrei Rublev,56,1
7,Andrei Rublev,57,1
7,Andrei Rublev,58,1
7,Andrei Rublev,59,1
7,Andrei Rublev,60,1
7,Andrei Rublev,61,1
7,Andrei Rublev,62,1
7,Andrei Rublev,63,1
7,Andrei Rublev,64,1
7,Andrei Rublev,65,0
7,Andrei Rublev,66,1
7,Andrei Rublev,67,1
7,Andrei Rublev,68,1
7,Andrei Rublev,69,1
7,Andrei Rublev,70,1
7,Andrei Rublev,71,1
7,Andrei Rublev,72,1
7,Andrei Rublev,73,1
7,Andrei Rublev,74,1
7,Andrei Rublev,75,1
7,Andrei Rublev,76,1
7,Andrei Rublev,77,0
7,Andrei Rublev,78,1
7,Andrei Rublev,79,1
7,Andrei Rublev,80,1
7,Andrei Rublev,81,0
7,Andrei Rublev,82,1
7,Andrei Rublev,83,1
7,Andrei Rublev,84,1
7,Andrei Rublev,85,1
7,Andrei Rublev,86,1
7,Andrei Rublev,87,1
7,Andrei Rublev,88,1
7,Andrei Rublev,89,0
7,Andrei Rublev,90,1
7,Andrei Rublev,91,1
7,Andrei Rublev,92,0
7,Andrei Rublev,93,1
7,Andrei Rublev,94,0
7,Andrei Rublev,95,1
7,Andrei Rublev,96,1
7,Andrei Rublev,97,1
7,Andrei Rublev,98,1
7,Andrei Rublev,99,1
45,Andy Warhol,1,1
45,Andy Warhol,2,0
45,Andy Warhol,3,1
45,Andy Warhol,4,1
45,Andy Warhol,5,0
45,Andy Warhol,6,0
45,Andy Warhol,7,0
45,Andy Warhol,8,0
45,Andy Warhol,9,0
45,Andy Warhol,10,0
45,Andy Warhol,11,0
45,Andy Warhol,12,0
45,Andy Warhol,13,0
45,Andy Warhol,14,1
45,Andy Warhol,15,1
45,Andy Warhol,16,0
45,Andy Warhol,17,0
45,Andy Warhol,18,0
45,Andy Warhol,19,0
45,Andy Warhol,20,0
45,Andy Warhol,21,0
45,Andy Warhol,22,0
45,Andy Warhol,23,1
45,Andy Warhol,24,0
45,Andy Warhol,25,0
45,Andy Warhol,26,1
45,Andy Warhol,27,1
45,Andy Warhol,28,1
45,Andy Warhol,29,1
45,Andy Warhol,30,0
45,Andy Warhol,31,0
45,Andy Warhol,32,0
45,Andy Warhol,33,0
45,Andy Warhol,34,1
45,Andy Warhol,35,1
45,Andy Warhol,36,1
45,Andy Warhol,37,1
45,Andy Warhol,38,1
45,Andy Warhol,39,1
45,Andy Warhol,40,1
45,Andy Warhol,41,1
45,Andy Warhol,42,1
45,Andy Warhol,43,1
45,Andy Warhol,44,1
45,Andy Warhol,45,1
45,Andy Warhol,46,1
45,Andy Warhol,47,0
45,Andy Warhol,48,1
45,Andy Warhol,49,1
45,Andy Warhol,50,0
45,Andy Warhol,51,1
45,Andy Warhol,52,1
45,Andy Warhol,53,1
45,Andy Warhol,54,1
45,Andy Warhol,55,1
45,Andy Warhol,56,1
45,Andy Warhol,57,1
45,Andy Warhol,58,1
45,Andy Warhol,59,1
45,Andy Warhol,60,1
45,Andy Warhol,61,1
45,Andy Warhol,62,1
45,Andy Warhol,63,1
45,Andy Warhol,64,1
45,Andy Warhol,65,1
45,Andy Warhol,66,1
45,Andy Warhol,67,1
45,Andy Warhol,68,1
45,Andy Warhol,69,1
45,Andy Warhol,70,1
45,Andy Warhol,71,1
45,Andy Warhol,72,1
45,Andy Warhol,73,0
45,Andy Warhol,74,0
45,Andy Warhol,75,0
45,Andy Warhol,76,0
45,Andy Warhol,77,1
45,Andy Warhol,78,0
45,Andy Warhol,79,0
45,Andy Warhol,80,0
45,Andy Warhol,81,1
45,Andy Warhol,82,1
45,Andy Warhol,83,1
45,Andy Warhol,84,1
45,Andy Warhol,85,0
45,Andy Warhol,86,1
45,Andy Warhol,87,0
45,Andy Warhol,88,1
45,Andy Warhol,89,1
45,Andy Warhol,90,1
45,Andy Warhol,91,1
45,Andy Warhol,92,1
45,Andy Warhol,93,0
45,Andy Warhol,94,0
45,Andy Warhol,95,0
45,Andy Warhol,96,0
45,Andy Warhol,97,0
45,Andy Warhol,98,1
45,Andy Warhol,99,1
45,Andy Warhol,100,0
45,Andy Warhol,101,1
45,Andy Warhol,102,0
45,Andy Warhol,103,0
45,Andy Warhol,104,0
45,Andy Warhol,105,0
45,Andy Warhol,106,0
45,Andy Warhol,107,1
45,Andy Warhol,108,0
45,Andy Warhol,109,0
45,Andy Warhol,110,0
45,Andy Warhol,111,0
45,Andy Warhol,112,0
45,Andy Warhol,113,1
45,Andy Warhol,114,1
45,Andy Warhol,115,0
45,Andy Warhol,116,0
45,Andy Warhol,117,0
45,Andy Warhol,118,0
45,Andy Warhol,119,1
45,Andy Warhol,120,1
45,Andy Warhol,121,1
45,Andy Warhol,122,0
45,Andy Warhol,123,1
45,Andy Warhol,124,1
45,Andy Warhol,125,0
45,Andy Warhol,126,0
45,Andy Warhol,127,1
45,Andy Warhol,128,0
45,Andy Warhol,129,1
45,Andy Warhol,130,1
45,Andy Warhol,131,0
45,Andy Warhol,132,0
45,Andy Warhol,133,1
45,Andy Warhol,134,0
45,Andy Warhol,135,0
45,Andy Warhol,136,1
45,Andy Warhol,137,0
45,Andy Warhol,138,1
45,Andy Warhol,139,1
45,Andy Warhol,140,1
45,Andy Warhol,141,0
45,Andy Warhol,142,0
45,Andy Warhol,143,0
45,Andy Warhol,144,0
45,Andy Warhol,145,0
45,Andy Warhol,146,0
45,Andy Warhol,147,0
45,Andy Warhol,148,1
45,Andy Warhol,149,0
45,Andy Warhol,150,0
45,Andy Warhol,151,1
45,Andy Warhol,152,1
45,Andy Warhol,153,0
45,Andy Warhol,154,0
45,Andy Warhol,155,1
45,Andy Warhol,156,0
45,Andy Warhol,157,0
45,Andy Warhol,158,1
45,Andy Warhol,159,0
45,Andy Warhol,160,0
45,Andy Warhol,161,1
45,Andy Warhol,162,0
45,Andy Warhol,163,0
45,Andy Warhol,164,1
45,Andy Warhol,165,0
45,Andy Warhol,166,1
45,Andy Warhol,167,1
45,Andy Warhol,168,0
45,Andy Warhol,169,0
45,Andy Warhol,170,0
45,Andy Warhol,171,0
45,Andy Warhol,172,0
45,Andy Warhol,173,0
45,Andy Warhol,174,0
45,Andy Warhol,175,0
45,Andy Warhol,176,0
45,Andy Warhol,177,0
45,Andy Warhol,178,0
45,Andy Warhol,179,0
45,Andy Warhol,180,0
45,Andy Warhol,181,1
35,Camille Pissarro,1,1
35,Camille Pissarro,2,1
35,Camille Pissarro,3,1
35,Camille Pissarro,4,0
35,Camille Pissarro,5,0
35,Camille Pissarro,6,1
35,Camille Pissarro,7,0
35,Camille Pissarro,8,0
35,Camille Pissarro,9,0
35,Camille Pissarro,10,0
35,Camille Pissarro,11,0
35,Camille Pissarro,12,0
35,Camille Pissarro,13,0
35,Camille Pissarro,14,0
35,Camille Pissarro,15,0
35,Camille Pissarro,16,0
35,Camille Pissarro,17,0
35,Camille Pissarro,18,0
35,Camille Pissarro,19,0
35,Camille Pissarro,20,0
35,Camille Pissarro,21,0
35,Camille Pissarro,22,1
35,Camille Pissarro,23,0
35,Camille Pissarro,24,0
35,Camille Pissarro,25,1
35,Camille Pissarro,26,0
35,Camille Pissarro,27,0
35,Camille Pissarro,28,0
35,Camille Pissarro,29,0
35,Camille Pissarro,30,0
35,Camille Pissarro,31,0
35,Camille Pissarro,32,0
35,Camille Pissarro,33,0
35,Camille Pissarro,34,0
35,Camille Pissarro,35,0
35,Camille Pissarro,36,1
35,Camille Pissarro,37,0
35,Camille Pissarro,38,0
35,Camille Pissarro,39,0
35,Camille Pissarro,40,1
35,Camille Pissarro,41,0
35,Camille Pissarro,42,0
35,Camille Pissarro,43,1
35,Camille Pissarro,44,1
35,Camille Pissarro,45,0
35,Camille Pissarro,46,0
35,Camille Pissarro,47,0
35,Camille Pissarro,48,0
35,Camille Pissarro,49,0
35,Camille Pissarro,50,0
35,Camille Pissarro,51,0
35,Camille Pissarro,52,0
35,Camille Pissarro,53,0
35,Camille Pissarro,54,0
35,Camille Pissarro,55,0
35,Camille Pissarro,56,0
35,Camille Pissarro,57,1
35,Camille Pissarro,58,1
35,Camille Pissarro,59,1
35,Camille Pissarro,60,0
35,Camille Pissarro,61,0
35,Camille Pissarro,62,0
35,Camille Pissarro,63,0
35,Camille Pissarro,64,0
35,Camille Pissarro,65,0
35,Camille Pissarro,66,0
35,Camille Pissarro,67,0
35,Camille Pissarro,68,0
35,Camille Pissarro,69,1
35,Camille Pissarro,70,0
35,Camille Pissarro,71,0
35,Camille Pissarro,72,0
35,Camille Pissarro,73,0
35,Camille Pissarro,74,0
35,Camille Pissarro,75,0
35,Camille Pissarro,76,0
35,Camille Pissarro,77,0
35,Camille Pissarro,78,0
35,Camille Pissarro,79,0
35,Camille Pissarro,80,0
35,Camille Pissarro,81,0
35,Camille Pissarro,82,0
35,Camille Pissarro,83,0
35,Camille Pissarro,84,1
35,Camille Pissarro,85,0
35,Camille Pissarro,86,0
35,Camille Pissarro,87,0
35,Camille Pissarro,88,0
35,Camille Pissarro,89,0
35,Camille Pissarro,90,1
35,Camille Pissarro,91,0
25,Caravaggio,1,1
25,Caravaggio,2,1
25,Caravaggio,3,1
25,Caravaggio,4,1
25,Caravaggio,5,1
25,Caravaggio,6,1
25,Caravaggio,7,1
25,Caravaggio,8,1
25,Caravaggio,9,1
25,Caravaggio,10,1
25,Caravaggio,11,1
25,Caravaggio,12,1
25,Caravaggio,13,1
25,Caravaggio,14,1
25,Caravaggio,15,1
25,Caravaggio,16,1
25,Caravaggio,17,0
25,Caravaggio,18,1
25,Caravaggio,19,1
25,Caravaggio,20,1
25,Caravaggio,21,1
25,Caravaggio,22,1
25,Caravaggio,23,1
25,Caravaggio,24,1
25,Caravaggio,25,1
25,Caravaggio,26,1
25,Caravaggio,27,1
25,Caravaggio,28,1
25,Caravaggio,29,1
25,Caravaggio,30,1
25,Caravaggio,31,0
25,Caravaggio,32,1
25,Caravaggio,33,1
25,Caravaggio,34,1
25,Caravaggio,35,1
25,Caravaggio,36,1
25,Caravaggio,37,1
25,Caravaggio,38,1
25,Caravaggio,39,1
25,Caravaggio,40,1
25,Caravaggio,41,1
25,Caravaggio,42,1
25,Caravaggio,43,1
25,Caravaggio,44,1
25,Caravaggio,45,1
25,Caravaggio,46,1
25,Caravaggio,47,1
25,Caravaggio,48,1
25,Caravaggio,49,1
25,Caravaggio,50,1
25,Caravaggio,51,1
25,Caravaggio,52,1
25,Caravaggio,53,1
25,Caravaggio,54,1
25,Caravaggio,55,0
3,Claude Monet,1,0
3,Claude Monet,2,0
3,Claude Monet,3,0
3,Claude Monet,4,0
3,Claude Monet,5,0
3,Claude Monet,6,0
3,Claude Monet,7,0
3,Claude Monet,8,0
3,Claude Monet,9,0
3,Claude Monet,10,1
3,Claude Monet,11,0
3,Claude Monet,12,0
3,Claude Monet,13,0
3,Claude Monet,14,0
3,Claude Monet,15,0
3,Claude Monet,16,0
3,Claude Monet,17,0
3,Claude Monet,18,0
3,Claude Monet,19,0
3,Claude Monet,20,0
3,Claude Monet,21,0
3,Claude Monet,22,0
3,Claude Monet,23,0
3,Claude Monet,24,0
3,Claude Monet,25,0
3,Claude Monet,26,0
3,Claude Monet,27,0
3,Claude Monet,28,0
3,Claude Monet,29,0
3,Claude Monet,30,0
3,Claude Monet,31,0
3,Claude Monet,32,0
3,Claude Monet,33,0
3,Claude Monet,34,0
3,Claude Monet,35,0
3,Claude Monet,36,0
3,Claude Monet,37,1
3,Claude Monet,38,0
3,Claude Monet,39,0
3,Claude Monet,40,1
3,Claude Monet,41,0
3,Claude Monet,42,0
3,Claude Monet,43,0
3,Claude Monet,44,0
3,Claude Monet,45,0
3,Claude Monet,46,0
3,Claude Monet,47,0
3,Claude Monet,48,0
3,Claude Monet,49,0
3,Claude Monet,50,0
3,Claude Monet,51,1
3,Claude Monet,52,0
3,Claude Monet,53,0
3,Claude Monet,54,0
3,Claude Monet,55,0
3,Claude Monet,56,0
3,Claude Monet,57,0
3,Claude Monet,58,0
3,Claude Monet,59,1
3,Claude Monet,60,0
3,Claude Monet,61,0
3,Claude Monet,62,0
3,Claude Monet,63,0
3,Claude Monet,64,0
3,Claude Monet,65,0
3,Claude Monet,66,0
3,Claude Monet,67,0
3,Claude Monet,68,0
3,Claude Monet,69,0
3,Claude Monet,70,0
3,Claude Monet,71,0
3,Claude Monet,72,0
3,Claude Monet,73,0
2,Diego Rivera,1,0
2,Diego Rivera,2,1
2,Diego Rivera,3,1
2,Diego Rivera,4,1
2,Diego Rivera,5,1
2,Diego Rivera,6,0
2,Diego Rivera,7,1
2,Diego Rivera,8,1
2,Diego Rivera,9,1
2,Diego Rivera,10,1
2,Diego Rivera,11,1
2,Diego Rivera,12,0
2,Diego Rivera,13,1
2,Diego Rivera,14,0
2,Diego Rivera,15,1
2,Diego Rivera,16,1
2,Diego Rivera,17,1
2,Diego Rivera,18,1
2,Diego Rivera,19,1
2,Diego Rivera,20,1
2,Diego Rivera,21,1
2,Diego Rivera,22,0
2,Diego Rivera,23,1
2,Diego Rivera,24,1
2,Diego Rivera,25,1
2,Diego Rivera,26,1
2,Diego Rivera,27,1
2,Diego Rivera,28,1
2,Diego Rivera,29,1
2,Diego Rivera,30,1
2,Diego Rivera,31,1
2,Diego Rivera,32,1
2,Diego Rivera,33,0
2,Diego Rivera,34,1
2,Diego Rivera,35,1
2,Diego Rivera,36,1
2,Diego Rivera,37,1
2,Diego Rivera,38,1
2,Diego Rivera,39,1
2,Diego Rivera,40,1
2,Diego Rivera,41,1
2,Diego Rivera,42,1
2,Diego Rivera,43,0
2,Diego Rivera,44,1
2,Diego Rivera,45,1
2,Diego Rivera,46,1
2,Diego Rivera,47,1
2,Diego Rivera,48,0
2,Diego Rivera,49,1
2,Diego Rivera,50,1
2,Diego Rivera,51,1
2,Diego Rivera,52,1
2,Diego Rivera,53,1
2,Diego Rivera,54,1
2,Diego Rivera,55,1
2,Diego Rivera,56,1
2,Diego Rivera,57,0
2,Diego Rivera,58,0
2,Diego Rivera,59,1
2,Diego Rivera,60,1
2,Diego Rivera,61,1
2,Diego Rivera,62,1
2,Diego Rivera,63,1
2,Diego Rivera,64,0
2,Diego Rivera,65,1
2,Diego Rivera,66,1
2,Diego Rivera,67,1
2,Diego Rivera,68,1
2,Diego Rivera,69,1
2,Diego Rivera,70,0
27,Diego Velazquez,1,1
27,Diego Velazquez,2,1
27,Diego Velazquez,3,1
27,Diego Velazquez,4,1
27,Diego Velazquez,5,1
27,Diego Velazquez,6,1
27,Diego Velazquez,7,1
27,Diego Velazquez,8,1
27,Diego Velazquez,9,1
27,Diego Velazquez,10,1
27,Diego Velazquez,11,1
27,Diego Velazquez,12,1
27,Diego Velazquez,13,1
27,Diego Velazquez,14,1
27,Diego Velazquez,15,1
27,Diego Velazquez,16,1
27,Diego Velazquez,100,1
27,Diego Velazquez,101,1
27,Diego Velazquez,102,1
27,Diego Velazquez,103,1
27,Diego Velazquez,104,1
27,Diego Velazquez,105,1
27,Diego Velazquez,106,1
27,Diego Velazquez,107,1
27,Diego Velazquez,108,1
27,Diego Velazquez,109,1
27,Diego Velazquez,110,1
27,Diego Velazquez,111,1
27,Diego Velazquez,112,1
27,Diego Velazquez,113,1
27,Diego Velazquez,114,1
27,Diego Velazquez,115,0
27,Diego Velazquez,116,1
27,Diego Velazquez,117,1
27,Diego Velazquez,118,1
27,Diego Velazquez,119,1
27,Diego Velazquez,120,1
27,Diego Velazquez,121,1
27,Diego Velazquez,122,1
27,Diego Velazquez,123,1
27,Diego Velazquez,124,0
27,Diego Velazquez,125,0
27,Diego Velazquez,126,0
27,Diego Velazquez,127,1
27,Diego Velazquez,128,1
30,Edgar Degas,1,1
30,Edgar Degas,2,1
30,Edgar Degas,3,1
30,Edgar Degas,4,1
30,Edgar Degas,5,1
30,Edgar Degas,6,1
30,Edgar Degas,7,1
30,Edgar Degas,8,1
30,Edgar Degas,9,1
30,Edgar Degas,10,1
30,Edgar Degas,11,1
30,Edgar Degas,12,1
30,Edgar Degas,13,1
30,Edgar Degas,14,1
30,Edgar Degas,15,1
30,Edgar Degas,16,1
30,Edgar Degas,17,0
30,Edgar Degas,18,1
30,Edgar Degas,19,0
30,Edgar Degas,20,1
30,Edgar Degas,21,0
30,Edgar Degas,22,0
30,Edgar Degas,23,0
30,Edgar Degas,24,1
30,Edgar Degas,25,1
30,Edgar Degas,26,1
30,Edgar Degas,27,1
30,Edgar Degas,28,0
30,Edgar Degas,29,0
30,Edgar Degas,30,1
30,Edgar Degas,31,1
30,Edgar Degas,32,1
30,Edgar Degas,33,1
30,Edgar Degas,34,1
30,Edgar Degas,35,0
30,Edgar Degas,36,1
30,Edgar Degas,37,1
30,Edgar Degas,38,1
30,Edgar Degas,39,1
30,Edgar Degas,40,1
30,Edgar Degas,41,1
30,Edgar Degas,42,1
30,Edgar Degas,43,0
30,Edgar Degas,44,1
30,Edgar Degas,45,0
30,Edgar Degas,46,0
30,Edgar Degas,47,0
30,Edgar Degas,48,0
30,Edgar Degas,49,0
30,Edgar Degas,50,0
30,Edgar Degas,51,0
30,Edgar Degas,52,0
30,Edgar Degas,53,0
30,Edgar Degas,54,0
30,Edgar Degas,55,0
30,Edgar Degas,56,0
30,Edgar Degas,57,0
30,Edgar Degas,58,0
30,Edgar Degas,59,0
30,Edgar Degas,60,0
30,Edgar Degas,61,0
30,Edgar Degas,62,0
30,Edgar Degas,63,1
30,Edgar Degas,64,0
30,Edgar Degas,65,1
